-- phpMyAdmin SQL Dump
-- version 3.2.4
-- http://www.phpmyadmin.net
--
-- Host: localhost
-- Generation Time: Jul 07, 2010 at 02:11 PM
-- Server version: 5.1.41
-- PHP Version: 5.3.1

SET SQL_MODE="NO_AUTO_VALUE_ON_ZERO";


/*!40101 SET @OLD_CHARACTER_SET_CLIENT=@@CHARACTER_SET_CLIENT */;
/*!40101 SET @OLD_CHARACTER_SET_RESULTS=@@CHARACTER_SET_RESULTS */;
/*!40101 SET @OLD_COLLATION_CONNECTION=@@COLLATION_CONNECTION */;
/*!40101 SET NAMES utf8 */;

--
-- Database: `shady91_server21`
--

-- --------------------------------------------------------

--
-- Table structure for table `arrest`
--

CREATE TABLE IF NOT EXISTS `arrest` (
  `id` int(11) NOT NULL AUTO_INCREMENT,
  `who` text NOT NULL,
  `reason` text NOT NULL,
  `cop` text NOT NULL,
  PRIMARY KEY (`id`)
) ENGINE=MyISAM  DEFAULT CHARSET=latin1 AUTO_INCREMENT=3 ;

--
-- Dumping data for table `arrest`
--

INSERT INTO `arrest` (`id`, `who`, `reason`, `cop`) VALUES
(1, 'Shady91', 'This is a Test you were arrested cause Im testing', 'Shady91'),
(2, 'Sharp_Ace', 'You was arrested for breaking the speed limit.', 'Shady91');

-- --------------------------------------------------------

--
-- Table structure for table `bans`
--

CREATE TABLE IF NOT EXISTS `bans` (
  `banid` int(11) NOT NULL AUTO_INCREMENT,
  `banned` text NOT NULL,
  `bannedip` text NOT NULL,
  `banner` text NOT NULL,
  `bannerip` text NOT NULL,
  `reason` text NOT NULL,
  `time` time NOT NULL,
  `date` date NOT NULL,
  PRIMARY KEY (`banid`)
) ENGINE=MyISAM  DEFAULT CHARSET=latin1 AUTO_INCREMENT=3 ;

--
-- Dumping data for table `bans`
--

INSERT INTO `bans` (`banid`, `banned`, `bannedip`, `banner`, `bannerip`, `reason`, `time`, `date`) VALUES
(1, 'Tupac', '1.1.1.', 'Shady91', '127.0.0.1', 'This is a test once again', '15:11:00', '0000-00-00');

-- --------------------------------------------------------

--
-- Table structure for table `buildings`
--

CREATE TABLE IF NOT EXISTS `buildings` (
  `buildingid` int(11) NOT NULL AUTO_INCREMENT,
  `owner` text COLLATE latin1_general_ci NOT NULL,
  `description` text COLLATE latin1_general_ci NOT NULL,
  `entrancex` float(11,0) DEFAULT NULL,
  `entrancey` float(11,0) DEFAULT NULL,
  `entrancez` float(11,0) DEFAULT NULL,
  `exitx` float NOT NULL,
  `exity` float NOT NULL,
  `exitz` float NOT NULL,
  `owned` int(11) DEFAULT '-1',
  `price` int(11) NOT NULL,
  `interiorid` int(11) DEFAULT NULL,
  `locked` smallint(1) DEFAULT NULL,
  `tax` int(11) DEFAULT NULL,
  `world` int(11) NOT NULL,
  `ownerid` int(11) NOT NULL,
  `shares` int(11) NOT NULL,
  `funds` int(11) NOT NULL,
  `renters` int(11) NOT NULL,
  PRIMARY KEY (`buildingid`)
) ENGINE=MyISAM  DEFAULT CHARSET=latin1 COLLATE=latin1_general_ci AUTO_INCREMENT=25 ;

--
-- Dumping data for table `buildings`
--

INSERT INTO `buildings` (`buildingid`, `owner`, `description`, `entrancex`, `entrancey`, `entrancez`, `exitx`, `exity`, `exitz`, `owned`, `price`, `interiorid`, `locked`, `tax`, `world`, `ownerid`, `shares`, `funds`, `renters`) VALUES
(1, 'Police Department', 'Police Department', 1554, -1676, 16, 288.86, 166.924, 1007.17, 1, 700000, 3, 0, 5, 6890, 0, 40, 0, 1),
(2, 'No-One', '24/7', 1352, -1758, 14, -27.1684, -57.4063, 1003.55, 0, 25000, 6, 0, 69, 6078, 0, 0, 0, 0),
(3, 'No-One', '69 Cent store', 2003, -1762, 14, 501.941, -67.9545, 998.758, 0, 15000, 11, 0, 10, 8610, 0, 0, 0, 0),
(4, 'Shady_91', 'Gym', 2229, -1722, 14, 772.417, -4.7843, 1000.73, 1, 10000, 5, 0, 12, 8967, 1, 0, 0, 0),
(5, 'No-One', 'Binco', 2245, -1665, 15, 207.751, -110.83, 1005.13, 0, 18000, 15, 0, 1, 8774, 0, 0, 0, 0),
(6, 'No-One', 'Auto Bahn', 2201, 1394, 11, 2324.65, -1148.91, 1050.71, 0, 100000, 12, 0, 12, 4674, 0, 0, 0, 0),
(7, 'No-One', 'Fire Station', 1788, -1297, 13, 1825.65, -1300.58, 38.5562, 0, 88000, 0, 0, 2, 1224, 0, 0, 0, 0),
(8, 'No-One', 'Hospital', 2026, -1403, 17, 1164.48, -1333.62, 1386.42, 0, 90000, 5, 0, 2, 6235, 0, 0, 0, 0),
(9, 'Shady_91', 'DMV Centre', 1217, -1813, 17, 1236.2, -1784.01, 16.9288, 1, 60000, 0, 0, 2, 7155, 1, 40, 0, 1),
(10, 'No-One', 'Ashs Yard', 2183, 2296, 11, 2.47249, 33.4738, 1199.59, 0, 10200, 1, 0, 2, 7811, 0, 0, 0, 0),
(11, 'No-One', 'Airport', 1348, 1258, 11, 2324.65, -1148.91, 1050.71, 0, 1000000, 12, 0, 10, 1107, 0, 0, 0, 0),
(12, 'No One', 'Job Centre', 1778, -1665, 14, 389.291, 173.828, 1008.38, 0, 200000, 3, 0, 13, 1344, 0, 0, 0, 0),
(13, 'No-One', 'Steak House', 1694, 2208, 11, 2324.65, -1148.91, 1050.71, 0, 23000, 12, 0, 1, 4499, 0, 0, 0, 0),
(14, 'No-One', 'Bank', 1788, -1383, 16, 2305.1, -16.2081, 26.7422, 0, 6000000, 0, 0, 44, 6379, 0, 0, 0, 0),
(15, 'No-One', '24/7', 1833, -1843, 14, -27.1726, -57.6436, 1003.55, 0, 4000, 6, 0, 1, 8060, 0, 1, 0, 0),
(16, 'No-One', 'Pizza Stack', 2104, -1806, 14, 372.186, -132.787, 1001.49, 0, 40000, 5, 0, 3, 612, 0, 1, 0, 0),
(17, 'No-One', 'Gas Station', 1930, -1776, 14, -27.1684, -57.4063, 1003.55, 0, 56999, 6, 0, 6, 7367, 0, 2, 0, 0),
(18, 'No-One', 'Liquor Dell', 1979, -1761, 14, 6.16432, -30.6673, 1003.55, 0, 43995, 10, 0, 5, 7831, 0, 2, 0, 0),
(19, 'No-One', 'Cleaners', 2702, -1279, 59, -2170.21, 635.971, 1052.38, 0, 68995, 1, 0, 5, 6796, 0, 4, 0, 0),
(20, 'No-One', 'General Store', 2152, -1014, 63, -2240.53, 128.554, 1035.42, 0, 98000, 6, 0, 5, 4736, 0, 3, 0, 0),
(21, 'No-One', '24/7', 1250, -1861, 14, -27.1684, -57.4063, 1003.55, 0, 18000, 6, 0, 3, 4394, 0, 2, 0, 0),
(22, 'No-One', '24/7', 1735, -1944, 14, -27.1684, -57.4063, 1003.55, 0, 19000, 6, 0, 3, 3771, 0, 2, 0, 0),
(23, 'No-One', '24/7', 1982, -2451, 14, -27.1684, -57.4063, 1003.55, 0, 19000, 6, 0, 4, 2711, 0, 2, 0, 0),
(24, 'Shady91', 'Gun Store', 1368, -1280, 14, 315.704, -142.993, 999.602, 1, 55000, 7, 0, 4, 7441, 1, 2, 0, 0);

-- --------------------------------------------------------

--
-- Table structure for table `gangs`
--

CREATE TABLE IF NOT EXISTS `gangs` (
  `gangid` int(11) NOT NULL AUTO_INCREMENT,
  `leader` varchar(24) NOT NULL,
  `name` varchar(60) NOT NULL,
  `members` int(11) NOT NULL,
  `rank` int(11) NOT NULL,
  `kills` int(11) NOT NULL,
  `gun1` int(11) NOT NULL,
  `gun2` int(11) NOT NULL,
  `gun3` int(11) NOT NULL,
  `gun4` int(11) NOT NULL,
  `gun5` int(11) NOT NULL,
  `gun6` int(11) NOT NULL,
  PRIMARY KEY (`gangid`)
) ENGINE=MyISAM  DEFAULT CHARSET=latin1 AUTO_INCREMENT=3 ;

--
-- Dumping data for table `gangs`
--

INSERT INTO `gangs` (`gangid`, `leader`, `name`, `members`, `rank`, `kills`, `gun1`, `gun2`, `gun3`, `gun4`, `gun5`, `gun6`) VALUES
(1, 'Shady_91', 'Shadys boys', 2, 6, 154, 23, 25, 28, 30, 8, 16),
(2, 'Anthony Brassi', 'SpeedStars', 0, 7, 0, 0, 0, 0, 0, 0, 0);

-- --------------------------------------------------------

--
-- Table structure for table `houses`
--

CREATE TABLE IF NOT EXISTS `houses` (
  `houseid` int(11) NOT NULL AUTO_INCREMENT,
  `owner` varchar(24) COLLATE latin1_general_ci NOT NULL,
  `entrancex` float(11,0) DEFAULT NULL,
  `entrancey` float(11,0) DEFAULT NULL,
  `entrancez` float(11,0) DEFAULT NULL,
  `exitx` float NOT NULL,
  `exity` float NOT NULL,
  `exitz` float NOT NULL,
  `owned` int(11) DEFAULT '-1',
  `price` int(11) NOT NULL,
  `interiorid` int(11) DEFAULT NULL,
  `locked` smallint(1) DEFAULT NULL,
  `rooms` int(11) NOT NULL,
  `renters` int(11) NOT NULL,
  `rentable` int(11) NOT NULL,
  `tax` int(11) DEFAULT NULL,
  `funds` int(11) NOT NULL,
  `world` int(11) NOT NULL,
  `ownerid` int(11) NOT NULL,
  `description` varchar(50) COLLATE latin1_general_ci NOT NULL,
  PRIMARY KEY (`houseid`)
) ENGINE=MyISAM  DEFAULT CHARSET=latin1 COLLATE=latin1_general_ci AUTO_INCREMENT=28 ;

--
-- Dumping data for table `houses`
--

INSERT INTO `houses` (`houseid`, `owner`, `entrancex`, `entrancey`, `entrancez`, `exitx`, `exity`, `exitz`, `owned`, `price`, `interiorid`, `locked`, `rooms`, `renters`, `rentable`, `tax`, `funds`, `world`, `ownerid`, `description`) VALUES
(1, 'Shady_91', 2385, -1674, 15, 2324.65, -1148.91, 1050.71, 1, 3000, 12, 0, 2, 0, 0, 2, 0, 5349, 1, 'Nice Crib'),
(2, 'Shady_91', 2393, -1647, 14, 2324.65, -1148.91, 1050.71, 1, 3000, 12, 0, 2, 0, 0, 2, 0, 4976, 1, 'Desert Desire'),
(3, 'No-One', 2309, -1716, 15, 2324.65, -1148.91, 1050.71, 0, 10000, 12, 0, 4, 0, 0, 2, 0, 1699, 0, 'Grove home'),
(4, 'No-One', 2327, -1717, 14, 2324.65, -1148.91, 1050.71, 0, 17999, 12, 0, 3, 0, 0, 2, 0, 8673, 0, 'Cozy 3 Bedroom'),
(5, 'No-One', 2513, -1028, 70, 2324.65, -1148.91, 1050.71, 0, 31600, 12, 0, 2, 0, 0, 4, 0, 4573, 0, 'Bed Bungalow'),
(6, 'No-One', 2580, -1034, 70, 2324.65, -1148.91, 1050.71, 0, 14000, 12, 0, 1, 0, 0, 3, 0, 8491, 0, 'Shack'),
(7, 'No-One', 2583, -954, 81, 2324.65, -1148.91, 1050.71, 0, 21000, 12, 0, 2, 0, 0, 5, 0, 4321, 0, 'Bungalow'),
(8, 'No-One', 2500, -948, 82, 2324.65, -1148.91, 1050.71, 0, 16990, 12, 0, 2, 0, 0, 3, 0, 5396, 0, 'Small House'),
(9, 'No-One', 2492, -966, 83, 2324.65, -1148.91, 1050.71, 0, 16990, 12, 0, 2, 0, 0, 3, 0, 3167, 0, 'Small House'),
(10, 'No-One', 2233, -1160, 26, 2324.65, -1148.91, 1050.71, 0, 200000, 12, 0, 20, 0, 0, 4, 0, 470, 0, 'Jefferson'),
(11, 'No-One', 2553, -958, 83, 2324.65, -1148.91, 1050.71, 0, 13999, 12, 0, 1, 0, 0, 2, 0, 6403, 0, 'Trailer'),
(12, 'No-One', 2480, -1064, 67, 2324.65, -1148.91, 1050.71, 0, 19995, 12, 0, 2, 0, 0, 4, 0, 2790, 0, 'Comfortable'),
(13, 'No-One', 2491, -1012, 65, 2324.65, -1148.91, 1050.71, 0, 27197, 12, 0, 1, 0, 0, 3, 0, 6773, 0, 'Midsize'),
(14, 'No-One', 2441, -1057, 55, 2324.65, -1148.91, 1050.71, 0, 34875, 12, 0, 3, 0, 0, 3, 0, 1532, 0, 'Lonely'),
(15, 'No-One', 2356, -1039, 54, 2324.65, -1148.91, 1050.71, 0, 13997, 12, 0, 1, 0, 0, 3, 0, 786, 0, 'Trailer'),
(16, 'No-One', 2440, -1011, 54, 2324.65, -1148.91, 1050.71, 0, 15999, 12, 0, 1, 0, 0, 3, 0, 7386, 0, 'Decent'),
(17, 'No-One', 2462, -1011, 60, 2324.65, -1148.91, 1050.71, 0, 12999, 12, 0, 1, 0, 0, 3, 0, 8250, 0, 'Single'),
(18, 'No-One', 2458, -1054, 60, 2324.65, -1148.91, 1050.71, 0, 27980, 12, 0, 1, 0, 0, 3, 0, 245, 0, 'Luxory'),
(19, 'No-One', 2526, -1061, 70, 2324.65, -1148.91, 1050.71, 0, 23000, 12, 0, 1, 0, 0, 5, 0, 2975, 0, 'Renovated'),
(20, 'No-One', 2572, -1091, 67, 2324.65, -1148.91, 1050.71, 0, 39598, 12, 0, 2, 0, 0, 3, 0, 3991, 0, 'Double'),
(21, 'No-One', 2519, -1113, 57, 2324.65, -1148.91, 1050.71, 0, 39500, 12, 0, 2, 0, 0, 3, 0, 225, 0, 'Well Maintianed'),
(22, 'No-One', 2457, -1102, 44, 2324.65, -1148.91, 1050.71, 0, 36500, 12, 0, 2, 0, 0, 3, 0, 7112, 0, 'Very Quite'),
(23, 'No-One', 2408, -1107, 40, 2324.65, -1148.91, 1050.71, 0, 13996, 12, 0, 2, 0, 0, 8, 0, 776, 0, 'Fixer Upper'),
(24, 'No-One', 2395, -1134, 31, 2324.65, -1148.91, 1050.71, 0, 23996, 12, 0, 2, 0, 0, 6, 0, 4886, 0, 'Remoddled'),
(25, 'No-One', 2427, -1137, 35, 2324.65, -1148.91, 1050.71, 0, 11996, 12, 0, 1, 0, 0, 2, 0, 6014, 0, 'Renovated'),
(26, 'No-One', 2288, -1105, 38, 2324.65, -1148.91, 1050.71, 0, 47995, 12, 0, 1, 0, 0, 2, 0, 8117, 0, 'Beautiful Bach'),
(27, 'No-One', 2279, -1077, 48, 2324.65, -1148.91, 1050.71, 0, 47995, 12, 0, 1, 0, 0, 3, 0, 7887, 0, 'Finished Bach');

-- --------------------------------------------------------

--
-- Table structure for table `land`
--

CREATE TABLE IF NOT EXISTS `land` (
  `landid` int(11) NOT NULL AUTO_INCREMENT,
  `x` float NOT NULL,
  `y` float NOT NULL,
  `z` float NOT NULL,
  `dist` float NOT NULL,
  PRIMARY KEY (`landid`)
) ENGINE=MyISAM DEFAULT CHARSET=latin1 AUTO_INCREMENT=1 ;

--
-- Dumping data for table `land`
--


-- --------------------------------------------------------

--
-- Table structure for table `logins`
--

CREATE TABLE IF NOT EXISTS `logins` (
  `id` int(11) NOT NULL AUTO_INCREMENT,
  `time` timestamp NOT NULL DEFAULT CURRENT_TIMESTAMP ON UPDATE CURRENT_TIMESTAMP,
  `ip` varchar(16) NOT NULL,
  `userid` int(11) NOT NULL DEFAULT '0',
  PRIMARY KEY (`id`)
) ENGINE=MyISAM  DEFAULT CHARSET=latin1 AUTO_INCREMENT=354 ;

--
-- Dumping data for table `logins`
--

INSERT INTO `logins` (`id`, `time`, `ip`, `userid`) VALUES
(1, '2010-05-26 21:08:38', '127.0.0.1', 1),
(2, '2010-05-26 21:49:17', '127.0.0.1', 1),
(3, '2010-05-26 21:51:29', '127.0.0.1', 1),
(4, '2010-05-26 21:53:13', '127.0.0.1', 1),
(5, '2010-05-26 21:55:33', '127.0.0.1', 1),
(6, '2010-05-26 22:06:45', '127.0.0.1', 1),
(7, '2010-05-26 22:10:10', '127.0.0.1', 1),
(8, '2010-05-26 22:15:10', '127.0.0.1', 1),
(9, '2010-05-26 22:20:18', '127.0.0.1', 1),
(10, '2010-05-27 02:34:49', '127.0.0.1', 1),
(11, '2010-05-27 02:41:40', '127.0.0.1', 1),
(12, '2010-05-27 02:48:11', '127.0.0.1', 1),
(13, '2010-05-27 02:51:40', '127.0.0.1', 1),
(14, '2010-05-27 02:56:00', '127.0.0.1', 1),
(15, '2010-05-27 03:17:09', '127.0.0.1', 1),
(16, '2010-05-27 03:20:35', '127.0.0.1', 1),
(17, '2010-05-27 03:22:17', '127.0.0.1', 1),
(18, '2010-05-27 03:29:28', '127.0.0.1', 1),
(19, '2010-05-27 03:34:53', '127.0.0.1', 1),
(20, '2010-05-27 04:03:31', '127.0.0.1', 1),
(21, '2010-05-27 04:09:22', '127.0.0.1', 1),
(22, '2010-05-27 04:15:02', '127.0.0.1', 1),
(23, '2010-05-27 04:26:55', '127.0.0.1', 1),
(24, '2010-05-27 04:31:41', '127.0.0.1', 1),
(25, '2010-05-27 04:32:26', '127.0.0.1', 1),
(26, '2010-05-27 04:36:31', '127.0.0.1', 1),
(27, '2010-05-27 04:42:12', '127.0.0.1', 1),
(28, '2010-05-27 07:48:10', '86.140.164.13', 1),
(29, '2010-05-27 07:49:10', '86.140.164.13', 8),
(30, '2010-05-27 07:51:12', '86.140.164.13', 9),
(31, '2010-05-27 07:57:44', '67.180.152.67', 10),
(32, '2010-05-27 08:10:00', '68.232.80.7', 2),
(33, '2010-05-27 08:12:42', '68.232.80.7', 2),
(34, '2010-05-27 08:23:19', '86.140.164.13', 1),
(35, '2010-05-27 11:13:55', '68.232.80.7', 2),
(36, '2010-05-27 09:16:45', '127.0.0.1', 1),
(37, '2010-05-27 09:18:30', '127.0.0.1', 1),
(38, '2010-05-27 09:20:53', '127.0.0.1', 1),
(39, '2010-05-27 09:23:07', '127.0.0.1', 1),
(40, '2010-05-27 11:16:17', '127.0.0.1', 1),
(41, '2010-05-27 11:44:35', '127.0.0.1', 1),
(42, '2010-05-27 12:18:57', '127.0.0.1', 1),
(43, '2010-05-27 12:22:48', '127.0.0.1', 1),
(44, '2010-05-27 12:23:45', '127.0.0.1', 1),
(45, '2010-05-27 12:27:19', '127.0.0.1', 1),
(46, '2010-05-27 12:46:30', '127.0.0.1', 1),
(47, '2010-05-27 13:53:14', '127.0.0.1', 1),
(48, '2010-05-27 13:57:00', '127.0.0.1', 1),
(49, '2010-05-27 13:59:45', '127.0.0.1', 1),
(50, '2010-05-27 14:01:45', '127.0.0.1', 1),
(51, '2010-05-27 14:04:28', '127.0.0.1', 1),
(52, '2010-05-27 14:09:52', '127.0.0.1', 1),
(53, '2010-05-27 14:19:56', '127.0.0.1', 1),
(54, '2010-05-27 14:21:07', '127.0.0.1', 1),
(55, '2010-05-27 14:24:02', '127.0.0.1', 1),
(56, '2010-05-27 14:25:37', '127.0.0.1', 1),
(57, '2010-05-27 14:28:18', '127.0.0.1', 1),
(58, '2010-05-27 14:38:41', '127.0.0.1', 1),
(59, '2010-05-27 14:44:41', '127.0.0.1', 1),
(60, '2010-05-27 15:04:30', '127.0.0.1', 1),
(61, '2010-05-27 15:06:16', '127.0.0.1', 1),
(62, '2010-05-27 15:08:08', '127.0.0.1', 1),
(63, '2010-05-27 15:14:59', '127.0.0.1', 1),
(64, '2010-05-27 15:19:52', '127.0.0.1', 1),
(65, '2010-05-27 15:33:19', '127.0.0.1', 1),
(66, '2010-05-31 11:47:34', '127.0.0.1', 1),
(67, '2010-05-31 11:50:13', '127.0.0.1', 1),
(68, '2010-05-31 11:53:03', '127.0.0.1', 1),
(69, '2010-05-31 12:29:07', '127.0.0.1', 1),
(70, '2010-05-31 21:17:57', '127.0.0.1', 11),
(71, '2010-05-31 21:19:30', '127.0.0.1', 1),
(72, '2010-05-31 21:21:53', '127.0.0.1', 11),
(73, '2010-05-31 21:29:56', '127.0.0.1', 11),
(74, '2010-05-31 21:30:13', '127.0.0.1', 1),
(75, '2010-05-31 21:33:40', '127.0.0.1', 11),
(76, '2010-05-31 22:03:36', '127.0.0.1', 11),
(77, '2010-05-31 22:11:25', '127.0.0.1', 11),
(78, '2010-05-31 22:45:05', '127.0.0.1', 11),
(79, '2010-05-31 22:57:35', '127.0.0.1', 11),
(80, '2010-06-01 01:26:34', '127.0.0.1', 11),
(81, '2010-06-01 01:34:48', '127.0.0.1', 11),
(82, '2010-06-01 01:41:46', '127.0.0.1', 11),
(83, '2010-06-01 01:45:10', '127.0.0.1', 11),
(84, '2010-06-01 01:53:57', '127.0.0.1', 11),
(85, '2010-06-01 01:55:25', '127.0.0.1', 11),
(86, '2010-06-01 02:04:08', '127.0.0.1', 11),
(87, '2010-06-01 02:05:05', '127.0.0.1', 11),
(88, '2010-06-01 02:07:34', '127.0.0.1', 11),
(89, '2010-06-01 02:08:13', '127.0.0.1', 11),
(90, '2010-06-01 02:11:03', '127.0.0.1', 11),
(91, '2010-06-01 02:12:11', '127.0.0.1', 11),
(92, '2010-06-01 02:14:30', '127.0.0.1', 11),
(93, '2010-06-01 02:22:08', '127.0.0.1', 11),
(94, '2010-06-01 02:25:15', '127.0.0.1', 11),
(95, '2010-06-01 02:26:26', '127.0.0.1', 11),
(96, '2010-06-01 02:36:27', '127.0.0.1', 11),
(97, '2010-06-01 02:39:09', '127.0.0.1', 11),
(98, '2010-06-01 02:40:43', '127.0.0.1', 11),
(99, '2010-06-01 13:13:32', '127.0.0.1', 11),
(100, '2010-06-01 13:25:13', '127.0.0.1', 11),
(101, '2010-06-01 13:28:35', '127.0.0.1', 11),
(102, '2010-06-01 13:31:21', '127.0.0.1', 11),
(103, '2010-06-01 13:33:33', '127.0.0.1', 11),
(104, '2010-06-01 13:35:37', '127.0.0.1', 11),
(105, '2010-06-01 13:42:02', '127.0.0.1', 11),
(106, '2010-06-01 20:49:15', '127.0.0.1', 11),
(107, '2010-06-01 21:09:22', '127.0.0.1', 11),
(108, '2010-06-01 21:37:45', '127.0.0.1', 11),
(109, '2010-06-01 21:43:16', '127.0.0.1', 11),
(110, '2010-06-01 21:46:54', '127.0.0.1', 11),
(111, '2010-06-01 21:50:48', '127.0.0.1', 11),
(112, '2010-06-01 21:52:39', '127.0.0.1', 11),
(113, '2010-06-01 21:55:39', '127.0.0.1', 11),
(114, '2010-06-01 21:56:54', '127.0.0.1', 11),
(115, '2010-06-01 22:00:32', '127.0.0.1', 11),
(116, '2010-06-01 22:03:25', '127.0.0.1', 11),
(117, '2010-06-01 22:11:02', '127.0.0.1', 11),
(118, '2010-06-01 22:17:07', '127.0.0.1', 11),
(119, '2010-06-01 22:21:45', '127.0.0.1', 11),
(120, '2010-06-01 22:23:10', '127.0.0.1', 11),
(121, '2010-06-01 22:26:04', '127.0.0.1', 11),
(122, '2010-06-01 22:27:41', '127.0.0.1', 11),
(123, '2010-06-01 22:28:58', '127.0.0.1', 11),
(124, '2010-06-01 22:29:52', '127.0.0.1', 11),
(125, '2010-06-01 22:31:31', '127.0.0.1', 11),
(126, '2010-06-01 22:33:29', '127.0.0.1', 11),
(127, '2010-06-01 22:34:23', '127.0.0.1', 11),
(128, '2010-06-01 22:40:20', '127.0.0.1', 11),
(129, '2010-06-01 22:46:01', '127.0.0.1', 11),
(130, '2010-06-01 22:47:35', '127.0.0.1', 11),
(131, '2010-06-01 22:52:10', '127.0.0.1', 11),
(132, '2010-06-01 22:59:28', '127.0.0.1', 11),
(133, '2010-06-01 23:00:43', '127.0.0.1', 11),
(134, '2010-06-02 02:00:23', '127.0.0.1', 11),
(135, '2010-06-02 02:01:01', '127.0.0.1', 11),
(136, '2010-06-02 23:44:48', '127.0.0.1', 1),
(137, '2010-06-02 23:49:17', '127.0.0.1', 1),
(138, '2010-06-02 23:58:20', '127.0.0.1', 1),
(139, '2010-06-03 00:12:06', '127.0.0.1', 1),
(140, '2010-06-03 00:13:31', '127.0.0.1', 1),
(141, '2010-06-03 00:22:41', '127.0.0.1', 1),
(142, '2010-06-03 00:25:38', '127.0.0.1', 1),
(143, '2010-06-03 13:44:53', '127.0.0.1', 1),
(144, '2010-06-03 13:46:32', '127.0.0.1', 1),
(145, '2010-06-03 13:48:48', '127.0.0.1', 1),
(146, '2010-06-03 13:54:19', '127.0.0.1', 1),
(147, '2010-06-03 13:56:57', '127.0.0.1', 1),
(148, '2010-06-03 14:09:56', '127.0.0.1', 1),
(149, '2010-06-03 14:37:36', '127.0.0.1', 1),
(150, '2010-06-03 14:42:48', '127.0.0.1', 1),
(151, '2010-06-03 14:47:48', '127.0.0.1', 1),
(152, '2010-06-03 15:54:15', '127.0.0.1', 1),
(153, '2010-06-03 15:54:32', '127.0.0.1', 14),
(154, '2010-06-03 15:56:49', '127.0.0.1', 1),
(155, '2010-06-03 20:07:48', '127.0.0.1', 15),
(156, '2010-06-03 20:12:54', '127.0.0.1', 15),
(157, '2010-06-03 20:15:51', '127.0.0.1', 15),
(158, '2010-06-03 20:19:11', '127.0.0.1', 15),
(159, '2010-06-03 20:20:53', '127.0.0.1', 1),
(160, '2010-06-03 20:25:52', '127.0.0.1', 15),
(161, '2010-06-03 20:29:36', '127.0.0.1', 15),
(162, '2010-06-03 20:35:46', '127.0.0.1', 15),
(163, '2010-06-03 20:39:46', '127.0.0.1', 15),
(164, '2010-06-03 20:41:47', '127.0.0.1', 15),
(165, '2010-06-03 20:49:16', '127.0.0.1', 15),
(166, '2010-06-03 20:51:49', '127.0.0.1', 15),
(167, '2010-06-03 20:54:36', '127.0.0.1', 15),
(168, '2010-06-03 20:59:29', '127.0.0.1', 15),
(169, '2010-06-03 21:01:36', '127.0.0.1', 15),
(170, '2010-06-03 21:03:12', '127.0.0.1', 15),
(171, '2010-06-03 21:04:52', '127.0.0.1', 15),
(172, '2010-06-03 21:11:20', '127.0.0.1', 15),
(173, '2010-06-03 21:16:24', '127.0.0.1', 15),
(174, '2010-06-03 21:22:29', '127.0.0.1', 15),
(175, '2010-06-03 21:30:26', '127.0.0.1', 15),
(176, '2010-06-03 21:32:17', '127.0.0.1', 15),
(177, '2010-06-03 21:32:50', '127.0.0.1', 1),
(178, '2010-06-03 21:34:45', '127.0.0.1', 15),
(179, '2010-06-03 21:35:24', '127.0.0.1', 1),
(180, '2010-06-03 21:36:49', '127.0.0.1', 1),
(181, '2010-06-03 21:38:07', '127.0.0.1', 1),
(182, '2010-06-03 21:38:29', '127.0.0.1', 1),
(183, '2010-06-08 19:56:03', '127.0.0.1', 1),
(184, '2010-06-09 17:34:34', '127.0.0.1', 1),
(185, '2010-06-09 17:38:36', '127.0.0.1', 1),
(186, '2010-06-09 17:46:05', '127.0.0.1', 1),
(187, '2010-06-09 17:48:54', '127.0.0.1', 1),
(188, '2010-06-09 17:59:57', '127.0.0.1', 1),
(189, '2010-06-09 18:06:42', '127.0.0.1', 1),
(190, '2010-06-10 22:47:51', '127.0.0.1', 1),
(191, '2010-06-10 22:50:22', '127.0.0.1', 1),
(192, '2010-06-10 22:53:12', '127.0.0.1', 1),
(193, '2010-06-10 23:07:08', '127.0.0.1', 1),
(194, '2010-06-10 23:08:30', '127.0.0.1', 1),
(195, '2010-06-10 23:09:53', '127.0.0.1', 1),
(196, '2010-06-10 23:12:25', '127.0.0.1', 1),
(197, '2010-06-10 23:42:10', '127.0.0.1', 1),
(198, '2010-06-11 00:05:56', '127.0.0.1', 1),
(199, '2010-06-11 00:15:30', '127.0.0.1', 1),
(200, '2010-06-11 00:16:51', '127.0.0.1', 1),
(201, '2010-06-11 00:28:16', '127.0.0.1', 1),
(202, '2010-06-11 00:31:20', '127.0.0.1', 1),
(203, '2010-06-11 00:31:51', '127.0.0.1', 1),
(204, '2010-06-11 00:33:03', '127.0.0.1', 1),
(205, '2010-06-11 00:35:57', '127.0.0.1', 1),
(206, '2010-06-11 00:36:46', '127.0.0.1', 1),
(207, '2010-06-11 01:10:38', '127.0.0.1', 1),
(208, '2010-06-11 01:11:30', '127.0.0.1', 1),
(209, '2010-06-11 01:14:53', '127.0.0.1', 1),
(210, '2010-06-11 01:23:26', '127.0.0.1', 1),
(211, '2010-06-11 01:27:03', '127.0.0.1', 1),
(212, '2010-06-11 01:29:27', '127.0.0.1', 1),
(213, '2010-06-11 01:30:32', '127.0.0.1', 1),
(214, '2010-06-11 01:33:06', '127.0.0.1', 1),
(215, '2010-06-11 01:34:31', '127.0.0.1', 1),
(216, '2010-06-11 01:35:44', '127.0.0.1', 1),
(217, '2010-06-11 01:37:25', '127.0.0.1', 1),
(218, '2010-06-11 01:41:44', '127.0.0.1', 1),
(219, '2010-06-13 19:04:49', '127.0.0.1', 1),
(220, '2010-06-13 19:55:49', '127.0.0.1', 1),
(221, '2010-06-13 20:11:11', '127.0.0.1', 1),
(222, '2010-06-13 20:26:30', '127.0.0.1', 1),
(223, '2010-06-13 20:31:15', '127.0.0.1', 1),
(224, '2010-06-13 23:16:07', '127.0.0.1', 1),
(225, '2010-06-14 00:45:03', '127.0.0.1', 1),
(226, '2010-06-14 00:48:32', '127.0.0.1', 1),
(227, '2010-06-14 00:51:08', '127.0.0.1', 1),
(228, '2010-06-14 00:52:35', '127.0.0.1', 1),
(229, '2010-06-14 01:02:34', '127.0.0.1', 1),
(230, '2010-06-14 01:14:15', '127.0.0.1', 1),
(231, '2010-06-14 01:15:12', '127.0.0.1', 49),
(232, '2010-06-14 01:17:27', '127.0.0.1', 50),
(233, '2010-06-14 01:50:22', '127.0.0.1', 1),
(234, '2010-06-14 01:56:49', '127.0.0.1', 51),
(235, '2010-06-14 01:59:12', '127.0.0.1', 52),
(236, '2010-06-14 05:29:59', '127.0.0.1', 1),
(237, '2010-06-14 05:54:30', '127.0.0.1', 53),
(238, '2010-06-14 06:00:49', '127.0.0.1', 53),
(239, '2010-06-14 06:01:24', '127.0.0.1', 53),
(240, '2010-06-14 06:05:17', '127.0.0.1', 53),
(241, '2010-06-14 06:33:31', '127.0.0.1', 1),
(242, '2010-06-14 07:18:42', '127.0.0.1', 1),
(243, '2010-06-14 07:26:07', '127.0.0.1', 1),
(244, '2010-06-14 07:30:12', '127.0.0.1', 1),
(245, '2010-06-14 07:35:34', '127.0.0.1', 1),
(246, '2010-06-14 07:55:35', '127.0.0.1', 1),
(247, '2010-06-14 07:58:02', '127.0.0.1', 1),
(248, '2010-06-14 07:58:41', '127.0.0.1', 1),
(249, '2010-06-14 07:59:48', '127.0.0.1', 1),
(250, '2010-06-14 08:02:19', '127.0.0.1', 1),
(251, '2010-06-14 08:05:55', '127.0.0.1', 1),
(252, '2010-06-14 08:08:31', '127.0.0.1', 1),
(253, '2010-06-14 08:14:09', '127.0.0.1', 1),
(254, '2010-06-14 08:20:28', '127.0.0.1', 1),
(255, '2010-06-14 08:25:51', '127.0.0.1', 1),
(256, '2010-06-14 08:31:35', '127.0.0.1', 1),
(257, '2010-06-14 08:33:42', '127.0.0.1', 1),
(258, '2010-06-14 08:37:50', '127.0.0.1', 1),
(259, '2010-06-14 08:38:57', '127.0.0.1', 1),
(260, '2010-06-14 08:41:52', '127.0.0.1', 1),
(261, '2010-06-14 08:48:43', '127.0.0.1', 1),
(262, '2010-06-14 08:52:45', '127.0.0.1', 1),
(263, '2010-06-14 08:55:33', '127.0.0.1', 1),
(264, '2010-06-14 09:00:44', '127.0.0.1', 1),
(265, '2010-06-14 09:05:53', '127.0.0.1', 1),
(266, '2010-06-14 09:08:44', '127.0.0.1', 1),
(267, '2010-06-14 09:12:37', '127.0.0.1', 1),
(268, '2010-06-14 09:13:52', '127.0.0.1', 1),
(269, '2010-06-15 14:57:36', '127.0.0.1', 1),
(270, '2010-06-15 15:15:36', '127.0.0.1', 1),
(271, '2010-06-17 17:32:34', '127.0.0.1', 1),
(272, '2010-06-17 20:52:19', '127.0.0.1', 1),
(273, '2010-06-17 21:10:06', '127.0.0.1', 1),
(274, '2010-06-17 21:12:08', '127.0.0.1', 1),
(275, '2010-06-17 21:44:51', '127.0.0.1', 1),
(276, '2010-06-17 21:47:07', '127.0.0.1', 1),
(277, '2010-06-20 18:14:49', '127.0.0.1', 1),
(278, '2010-06-20 18:18:15', '127.0.0.1', 1),
(279, '2010-06-20 18:21:26', '127.0.0.1', 1),
(280, '2010-06-20 18:23:49', '127.0.0.1', 1),
(281, '2010-06-20 18:27:18', '127.0.0.1', 1),
(282, '2010-06-20 18:31:29', '127.0.0.1', 1),
(283, '2010-06-20 18:33:34', '127.0.0.1', 1),
(284, '2010-06-20 19:00:56', '127.0.0.1', 1),
(285, '2010-06-20 19:05:18', '127.0.0.1', 1),
(286, '2010-06-20 19:17:40', '127.0.0.1', 1),
(287, '2010-06-22 22:38:00', '127.0.0.1', 62),
(288, '2010-06-22 22:38:47', '127.0.0.1', 63),
(289, '2010-06-22 23:25:04', '127.0.0.1', 1),
(290, '2010-06-22 23:58:29', '127.0.0.1', 1),
(291, '2010-06-23 00:09:10', '127.0.0.1', 64),
(292, '2010-06-23 00:11:00', '127.0.0.1', 65),
(293, '2010-06-23 00:25:33', '127.0.0.1', 66),
(294, '2010-06-23 00:28:13', '127.0.0.1', 67),
(295, '2010-06-23 00:30:52', '127.0.0.1', 68),
(296, '2010-06-23 00:43:21', '127.0.0.1', 69),
(297, '2010-06-23 00:47:32', '127.0.0.1', 1),
(298, '2010-06-23 01:36:26', '127.0.0.1', 70),
(299, '2010-06-23 01:39:53', '127.0.0.1', 71),
(300, '2010-06-23 01:41:01', '127.0.0.1', 71),
(301, '2010-06-23 01:41:55', '127.0.0.1', 71),
(302, '2010-06-23 01:43:33', '127.0.0.1', 71),
(303, '2010-06-23 01:46:06', '127.0.0.1', 71),
(304, '2010-06-23 01:48:55', '127.0.0.1', 71),
(305, '2010-06-23 01:50:01', '127.0.0.1', 71),
(306, '2010-06-23 01:52:27', '127.0.0.1', 71),
(307, '2010-06-23 01:53:55', '127.0.0.1', 71),
(308, '2010-06-23 01:54:37', '127.0.0.1', 71),
(309, '2010-06-23 02:01:04', '127.0.0.1', 72),
(310, '2010-06-23 02:06:58', '127.0.0.1', 73),
(311, '2010-06-23 18:13:12', '127.0.0.1', 1),
(312, '2010-06-23 18:27:12', '127.0.0.1', 1),
(313, '2010-06-23 18:28:16', '127.0.0.1', 1),
(314, '2010-06-23 18:29:14', '127.0.0.1', 1),
(315, '2010-06-23 18:31:01', '127.0.0.1', 1),
(316, '2010-06-23 19:15:40', '127.0.0.1', 1),
(317, '2010-06-23 19:17:49', '127.0.0.1', 1),
(318, '2010-06-23 19:20:45', '127.0.0.1', 1),
(319, '2010-06-23 19:24:01', '127.0.0.1', 1),
(320, '2010-06-23 19:26:25', '127.0.0.1', 1),
(321, '2010-06-23 19:27:31', '127.0.0.1', 1),
(322, '2010-06-23 19:29:13', '127.0.0.1', 1),
(323, '2010-06-23 19:38:23', '127.0.0.1', 1),
(324, '2010-06-23 19:41:29', '127.0.0.1', 1),
(325, '2010-06-23 20:01:54', '127.0.0.1', 1),
(326, '2010-06-23 20:03:02', '127.0.0.1', 1),
(327, '2010-06-23 20:06:17', '127.0.0.1', 1),
(328, '2010-06-23 20:09:55', '127.0.0.1', 1),
(329, '2010-06-23 20:17:00', '127.0.0.1', 1),
(330, '2010-06-23 20:23:06', '127.0.0.1', 1),
(331, '2010-06-23 21:17:42', '127.0.0.1', 1),
(332, '2010-06-23 21:20:51', '127.0.0.1', 1),
(333, '2010-06-23 21:24:14', '127.0.0.1', 1),
(334, '2010-06-23 21:26:38', '127.0.0.1', 1),
(335, '2010-06-23 21:29:32', '127.0.0.1', 1),
(336, '2010-06-23 21:30:46', '127.0.0.1', 1),
(337, '2010-06-23 21:32:36', '127.0.0.1', 1),
(338, '2010-06-23 21:36:43', '127.0.0.1', 1),
(339, '2010-06-23 21:38:51', '127.0.0.1', 1),
(340, '2010-06-23 21:40:28', '127.0.0.1', 1),
(341, '2010-06-23 21:44:15', '127.0.0.1', 1),
(342, '2010-06-23 21:47:00', '127.0.0.1', 1),
(343, '2010-06-23 21:52:34', '127.0.0.1', 1),
(344, '2010-06-23 21:54:25', '127.0.0.1', 1),
(345, '2010-06-23 21:57:17', '127.0.0.1', 1),
(346, '2010-06-23 22:23:46', '127.0.0.1', 1),
(347, '2010-06-23 22:28:16', '127.0.0.1', 1),
(348, '2010-06-23 22:35:54', '127.0.0.1', 1),
(349, '2010-06-23 22:37:37', '127.0.0.1', 1),
(350, '2010-06-23 22:45:13', '127.0.0.1', 90),
(351, '2010-06-23 22:47:12', '127.0.0.1', 91),
(352, '2010-06-24 22:38:17', '127.0.0.1', 1),
(353, '2010-06-24 22:40:24', '127.0.0.1', 1);

-- --------------------------------------------------------

--
-- Table structure for table `names`
--

CREATE TABLE IF NOT EXISTS `names` (
  `id` int(11) NOT NULL AUTO_INCREMENT,
  `name` text NOT NULL,
  KEY `id` (`id`)
) ENGINE=MyISAM  DEFAULT CHARSET=latin1 AUTO_INCREMENT=3 ;

--
-- Dumping data for table `names`
--

INSERT INTO `names` (`id`, `name`) VALUES
(1, 'Shady91'),
(2, 'bullet');

-- --------------------------------------------------------

--
-- Table structure for table `news`
--

CREATE TABLE IF NOT EXISTS `news` (
  `ArticleID` int(11) NOT NULL AUTO_INCREMENT,
  `ArticleTitle` varchar(50) NOT NULL,
  `text` varchar(1000) NOT NULL,
  `time` varchar(20) NOT NULL,
  PRIMARY KEY (`ArticleID`)
) ENGINE=MyISAM DEFAULT CHARSET=latin1 AUTO_INCREMENT=1 ;

--
-- Dumping data for table `news`
--

INSERT INTO `news` (`ArticleID`, `ArticleTitle`, `text`, `time`) VALUES
(0, 'City Role Play Opening Very Soon..	', 'For a list of new features/updates to City RP please click <a href="http://city-rp.com/forums/forumdisplay.php?fid=4" class=active>here</a><br><br>Any problems please contact me on the <a href="http://city-rp.com/forums/member.php?action=profile&uid=1" class=active>forums</a><br><br><object width="340" height="245"><param name="movie" value="http://www.youtube.com/v/lP9QwKXwVGc&hl=en_GB&fs=1&"></param><param name="allowFullScreen" value="true"></param><param name="allowscriptaccess" value="always"></param><embed src="http://www.youtube.com/v/lP9QwKXwVGc&hl=en_GB&fs=1&" type="application/x-shockwave-flash" allowscriptaccess="always" allowfullscreen="true" width="340" height="245"></embed></object>', '13:53 07/05/2010');

-- --------------------------------------------------------

--
-- Table structure for table `online`
--

CREATE TABLE IF NOT EXISTS `online` (
  `userid` int(11) NOT NULL,
  `value` int(11) NOT NULL
) ENGINE=MyISAM DEFAULT CHARSET=latin1;

--
-- Dumping data for table `online`
--

INSERT INTO `online` (`userid`, `value`) VALUES
(1, 0),
(14, 1),
(15, 1),
(49, 1),
(50, 1),
(51, 1),
(52, 1),
(53, 0),
(62, 0),
(63, 0),
(64, 1),
(65, 1),
(66, 1),
(67, 1),
(68, 1),
(69, 1),
(70, 1),
(71, 1),
(72, 1),
(73, 0),
(90, 1),
(91, 1);

-- --------------------------------------------------------

--
-- Table structure for table `players`
--

CREATE TABLE IF NOT EXISTS `players` (
  `id` int(11) NOT NULL AUTO_INCREMENT,
  `username` varchar(50) NOT NULL,
  `password` varchar(50) NOT NULL,
  `admin` int(11) NOT NULL,
  `wallet` int(11) NOT NULL,
  `flylicense` int(11) NOT NULL,
  `spent` int(11) NOT NULL,
  `earned` int(11) NOT NULL,
  `hours` int(11) NOT NULL,
  `minutes` int(11) NOT NULL,
  `seconds` int(11) NOT NULL,
  `X` float NOT NULL,
  `Y` float NOT NULL,
  `Z` float NOT NULL,
  `interior` int(11) NOT NULL,
  `virtualworld` int(11) NOT NULL,
  `housein` int(11) NOT NULL,
  `crashed` tinyint(4) NOT NULL,
  `vehicle1` int(11) NOT NULL,
  `vehicle2` int(11) NOT NULL,
  `vehicle3` int(11) NOT NULL,
  `vehicle4` int(11) NOT NULL,
  `vehicle5` int(11) NOT NULL,
  `vehicle6` int(11) NOT NULL,
  `hotwireskill` int(11) NOT NULL,
  `skin` int(11) NOT NULL,
  `donator` tinyint(4) NOT NULL,
  `Buildingin` int(11) NOT NULL,
  `step` int(11) NOT NULL,
  `gender` tinyint(4) NOT NULL,
  `age` int(11) NOT NULL,
  `team` int(11) NOT NULL,
  `beeningame` tinyint(4) NOT NULL,
  `exp` mediumint(9) NOT NULL,
  `rank` varchar(40) NOT NULL,
  `gang` varchar(60) NOT NULL,
  `gangid` int(11) NOT NULL,
  `teststep` int(11) NOT NULL,
  `license` int(11) NOT NULL,
  `hotwirekey` int(11) NOT NULL,
  `number` int(11) NOT NULL,
  `drivingtest` int(11) NOT NULL,
  `workdone` int(11) NOT NULL,
  `checks` int(11) NOT NULL,
  `worktime` int(11) NOT NULL,
  `bank` int(11) NOT NULL,
  `bankcode` int(11) NOT NULL,
  `watch` int(11) NOT NULL,
  `jailtime` int(11) NOT NULL,
  `gunlicense` int(11) NOT NULL,
  `gun1` int(11) NOT NULL,
  `gun2` int(11) NOT NULL,
  `gun3` int(11) NOT NULL,
  `gun4` int(11) NOT NULL,
  `gun5` int(11) NOT NULL,
  `gun6` int(11) NOT NULL,
  `ammo1` int(11) NOT NULL,
  `ammo2` int(11) NOT NULL,
  `ammo3` int(11) NOT NULL,
  `ammo4` int(11) NOT NULL,
  `ammo5` int(11) NOT NULL,
  `ammo6` int(11) NOT NULL,
  `rentid` int(11) NOT NULL,
  `shareid` int(11) NOT NULL,
  `emailaddress` varchar(128) NOT NULL,
  `hasseed` int(11) NOT NULL,
  `drugs` int(11) NOT NULL,
  PRIMARY KEY (`id`)
) ENGINE=MyISAM  DEFAULT CHARSET=latin1 AUTO_INCREMENT=92 ;

--
-- Dumping data for table `players`
--

INSERT INTO `players` (`id`, `username`, `password`, `admin`, `wallet`, `flylicense`, `spent`, `earned`, `hours`, `minutes`, `seconds`, `X`, `Y`, `Z`, `interior`, `virtualworld`, `housein`, `crashed`, `vehicle1`, `vehicle2`, `vehicle3`, `vehicle4`, `vehicle5`, `vehicle6`, `hotwireskill`, `skin`, `donator`, `Buildingin`, `step`, `gender`, `age`, `team`, `beeningame`, `exp`, `rank`, `gang`, `gangid`, `teststep`, `license`, `hotwirekey`, `number`, `drivingtest`, `workdone`, `checks`, `worktime`, `bank`, `bankcode`, `watch`, `jailtime`, `gunlicense`, `gun1`, `gun2`, `gun3`, `gun4`, `gun5`, `gun6`, `ammo1`, `ammo2`, `ammo3`, `ammo4`, `ammo5`, `ammo6`, `rentid`, `shareid`, `emailaddress`, `hasseed`, `drugs`) VALUES
(2, 'Sharp_Ace', 'testter', 3, 117, 0, -225, 142, 1, 18, 49, 2286.6, -1077.52, 47.0898, 0, 0, 0, 0, 0, 0, 0, 0, 0, 0, 2, 25, 0, 0, 5, 1, 25, 4, 1, 0, 'Nothing', 'Shadys boys', 1, 0, 0, 2, 0, 0, 0, 0, 0, 0, 0, 0, 0, 0, 8, 23, 25, 28, 30, 0, 2, 150, 150, 150, 150, 0, 0, 0, '', 0, 0),
(1, 'Shady91', 'test', 9999, 100801, 0, -70562, 20839, 15, 42, 57, 1250.64, -1812.94, 13.4155, 0, 0, 0, 0, 68, 69, 85, 0, 0, 0, 41, 21, 0, 12, 7, 1, 18, 5, 1, 5, 'Nothing', 'Shadys boys', 1, 0, 0, 3, 36622467, 3, 0, 1, 0, 147142, 8805, 1, 0, 4, 8, 23, 25, 28, 30, 0, 2, 50, 50, 50, 50, 0, 0, 1, 'shady91@city-rp.com', 5, 88);

-- --------------------------------------------------------

--
-- Table structure for table `vehicles`
--

CREATE TABLE IF NOT EXISTS `vehicles` (
  `carid` int(11) NOT NULL AUTO_INCREMENT,
  `modelid` int(255) NOT NULL,
  `x` float(255,0) NOT NULL,
  `y` float(255,0) NOT NULL,
  `z` float(255,0) NOT NULL,
  `a` float NOT NULL DEFAULT '90',
  `color1` int(255) NOT NULL,
  `color2` int(255) NOT NULL,
  `locked` tinyint(4) NOT NULL,
  `owner` varchar(26) NOT NULL,
  `value` int(11) NOT NULL,
  `owned` tinyint(4) NOT NULL,
  `cantsell` tinyint(4) NOT NULL,
  `Modop` tinyint(4) NOT NULL,
  `vehid` int(11) NOT NULL,
  `model` text NOT NULL,
  `fuel` int(11) NOT NULL DEFAULT '50',
  `miles` int(11) NOT NULL DEFAULT '0',
  `vlock` tinyint(4) NOT NULL,
  `insurance` tinyint(4) NOT NULL,
  `junk` int(11) NOT NULL,
  `panel` int(11) NOT NULL,
  `door` int(11) NOT NULL,
  `light` int(11) NOT NULL,
  `tire` int(11) NOT NULL,
  `health` float NOT NULL DEFAULT '1000',
  `blown` int(11) NOT NULL,
  PRIMARY KEY (`carid`),
  UNIQUE KEY `carid_4` (`carid`),
  KEY `carid` (`carid`),
  KEY `modelid` (`modelid`),
  KEY `carid_2` (`carid`),
  KEY `modelid_2` (`modelid`),
  KEY `carid_3` (`carid`),
  KEY `vehid` (`vehid`)
) ENGINE=MyISAM  DEFAULT CHARSET=utf8 AUTO_INCREMENT=101 ;

--
-- Dumping data for table `vehicles`
--

INSERT INTO `vehicles` (`carid`, `modelid`, `x`, `y`, `z`, `a`, `color1`, `color2`, `locked`, `owner`, `value`, `owned`, `cantsell`, `Modop`, `vehid`, `model`, `fuel`, `miles`, `vlock`, `insurance`, `junk`, `panel`, `door`, `light`, `tire`, `health`, `blown`) VALUES
(63, 445, 1259, -1836, 13, 88.3649, 81, 83, 0, 'No-One', 0, 0, 1, 0, 67, 'Admiral', 97, 3, 0, 0, 0, 0, 0, 0, 0, 1000, 0),
(62, 439, 1282, -1828, 13, 1.833, 12, 52, 0, 'No-One', 0, 0, 1, 0, 66, 'Stallion', 94, 6, 0, 0, 0, 19988498, 33686016, 5, 0, 249.572, 1),
(61, 422, 1282, -1822, 13, 180.851, 34, 21, 0, 'No-One', 0, 0, 1, 0, 65, 'Bobcat', 99, 1, 0, 0, 0, 35651586, 33686018, 1, 0, 887.957, 0),
(60, 412, 1835, -1871, 13, 0.561936, 78, 43, 0, 'No-One', 0, 0, 1, 0, 64, 'Voodoo', 99, 1, 0, 0, 0, 0, 0, 0, 0, 1000, 1),
(59, 401, 1841, -1871, 13, 359.456, 56, 43, 0, 'No-One', 0, 0, 1, 0, 63, 'Bravura', 100, 0, 0, 0, 0, 0, 0, 0, 0, 1000, 0),
(58, 487, 2092, 2420, 78, 180.501, 0, 0, 0, 'No-One', 100, 0, 1, 0, 62, 'Maverick', 94, 0, 0, 0, 0, 0, 0, 0, 0, 1000, 0),
(57, 405, 1215, -1807, 13, 179.458, 0, 0, 0, 'no-one', 0, 0, 1, 0, 61, 'Sentinel', 99, 1, 0, 0, 0, 0, 0, 0, 0, 923.139, 0),
(56, 408, 2093, -2032, 14, 270.925, 0, 1, 0, 'no-one', 0, 0, 1, 0, 60, 'Trashmaster', 99, 1, 0, 0, 0, 2097169, 2, 5, 0, 952.911, 0),
(54, 416, 2017, -1447, 15, 90.0835, 3, 1, 0, 'no-one', 0, 0, 1, 0, 58, 'Ambulance', 76, 24, 0, 0, 0, 0, 0, 0, 0, 1000, 1),
(53, 510, 1965, -2461, 13, 3.33138, 1, 1, 0, 'no-one', 0, 0, 1, 0, 57, 'Mountain Bike', 100, 0, 0, 0, 0, 0, 0, 0, 0, 1000, 0),
(52, 510, 1967, -2461, 13, 3.93093, 1, 1, 0, 'no-one', 0, 0, 1, 0, 56, 'Mountain Bike', 100, 0, 0, 0, 0, 0, 0, 0, 0, 1000, 0),
(51, 510, 1969, -2460, 13, 7.80779, 1, 1, 0, 'no-one', 0, 0, 1, 0, 55, 'Mountain Bike', 100, 0, 0, 0, 0, 0, 0, 0, 0, 1000, 0),
(50, 510, 1971, -2460, 13, 4.72342, 1, 1, 0, 'no-one', 0, 0, 1, 0, 54, 'Mountain Bike', 100, 0, 0, 0, 0, 0, 0, 0, 0, 1000, 0),
(49, 510, 1973, -2460, 13, 10.9409, 1, 1, 0, 'no-one', 0, 0, 1, 0, 53, 'Mountain Bike', 100, 0, 0, 0, 0, 0, 0, 0, 0, 1000, 0),
(48, 587, 1282, -1814, 13, 181.282, 73, 34, 0, 'no-one', 0, 0, 1, 0, 52, 'Euros', 99, 1, 0, 0, 0, 0, 0, 0, 0, 1000, 0),
(47, 600, 1281, -1806, 13, 180.81, 93, 23, 0, 'no-one', 0, 0, 1, 0, 51, 'Picador', 97, 3, 0, 0, 0, 0, 0, 0, 0, 1000, 0),
(46, 580, 1253, -1836, 13, 267.091, 43, 32, 0, 'no-one', 0, 0, 1, 0, 50, 'Stafford', 100, 0, 0, 0, 0, 0, 0, 0, 0, 1000, 0),
(45, 565, 1247, -1835, 13, 267.372, 77, 88, 0, 'no-one', 0, 0, 1, 0, 49, 'Flash', 100, 0, 0, 0, 0, 16777216, 512, 0, 0, 995.977, 0),
(44, 558, 1263, -1796, 13, 179.953, 54, 45, 0, 'no-one', 0, 0, 1, 0, 48, 'Uranus', 99, 1, 0, 0, 0, 0, 0, 0, 0, 1000, 0),
(43, 541, 1266, -1796, 13, 178.98, 33, 65, 0, 'no-one', 0, 0, 1, 0, 47, 'Bullet', 97, 3, 0, 0, 0, 35717137, 33554946, 5, 0, 236.696, 1),
(42, 518, 1269, -1796, 13, 179.32, 2, 67, 0, 'no-one', 0, 0, 1, 0, 46, 'Buccaneer', 100, 0, 0, 0, 0, 0, 0, 0, 0, 1000, 0),
(41, 496, 1272, -1796, 13, 179.289, 0, 3, 0, 'no-one', 0, 0, 1, 0, 45, 'Blista Compact', 99, 1, 0, 0, 0, 0, 0, 0, 0, 1000, 0),
(40, 496, 1275, -1796, 13, 180.719, 0, 3, 0, 'no-one', 0, 0, 1, 0, 44, 'Blista Compact', 100, 0, 0, 0, 0, 0, 0, 0, 0, 1000, 0),
(39, 480, 1198, -1825, 13, 269.783, 14, 33, 0, 'no-one', 0, 0, 1, 0, 43, 'Comet', 100, 0, 0, 0, 0, 0, 0, 0, 0, 1000, 0),
(38, 462, 1196, -1830, 13, 274.431, 24, 33, 0, 'no-one', 0, 0, 1, 0, 42, 'Faggio', 100, 0, 0, 0, 0, 0, 0, 0, 0, 1000, 0),
(37, 462, 1196, -1835, 13, 270.904, 26, 33, 0, 'no-one', 0, 0, 1, 0, 41, 'Faggio', 95, 5, 0, 0, 0, 0, 0, 0, 0, 998.597, 0),
(36, 458, 1242, -1835, 13, 270.527, 66, 33, 0, 'no-one', 0, 0, 1, 0, 40, 'Solair', 95, 5, 0, 0, 0, 0, 0, 0, 0, 1000, 0),
(35, 429, 1234, -1835, 13, 90.4771, 65, 7, 0, 'no-one', 0, 0, 1, 0, 39, 'Banshee', 99, 1, 0, 0, 0, 0, 0, 0, 0, 1000, 0),
(34, 404, 1226, -1836, 13, 89.2305, 2, 7, 0, 'no-one', 0, 0, 1, 0, 38, 'Perrenial', 99, 1, 0, 0, 0, 52494338, 515, 1, 0, 1, 1),
(33, 400, 1279, -1796, 13, 180.643, 27, 23, 0, 'no-one', 0, 0, 1, 0, 37, 'Landstalker', 100, 0, 0, 0, 0, 0, 0, 0, 0, 1000, 0),
(32, 402, 2145, -1981, 18, 282.082, 23, 43, 0, 'no-one', 0, 0, 1, 0, 36, 'Buffalo', 97, 3, 0, 0, 1, 36896802, 33751556, 5, 0, 644.568, 0),
(31, 461, 1258, -1795, 13, 146.424, 2, 4, 0, 'No-One', 100, 1, 1, 0, 35, 'Pcj-600', 28, 72, 0, 0, 0, 0, 0, 0, 0, 1000, 0),
(29, 522, 1281, -1750, 13, 359.484, 2, 2, 0, 'No-One', 0, 0, 1, 0, 34, 'Nrg-500', 100, 0, 0, 0, 0, 0, 0, 0, 0, 1000, 0),
(28, 521, 1237, -1817, 13, 1.0035, 1, 1, 0, 'No-One', 0, 0, 1, 0, 33, 'FCR-900', 80, 20, 0, 0, 0, 0, 0, 0, 0, 1000, 1),
(27, 487, 1237, -1794, 34, 88.0025, 196, 196, 0, 'no-one', 0, 0, 1, 0, 32, 'Maverick', 98, 2, 0, 0, 0, 0, 0, 0, 0, 1000, 0),
(26, 510, 1198, -1740, 13, 183.131, 1, 1, 0, 'no-one', 0, 0, 1, 0, 31, 'Mountain Bike', 100, 0, 0, 0, 0, 0, 0, 0, 0, 1000, 0),
(25, 510, 1201, -1739, 13, 191.229, 1, 1, 0, 'no-one', 0, 0, 1, 0, 30, 'Mountain Bike', 100, 0, 0, 0, 0, 0, 0, 0, 0, 1000, 0),
(24, 510, 1201, -1736, 13, 184.178, 1, 1, 0, 'no-one', 0, 0, 1, 0, 29, 'Mountain Bike', 100, 0, 0, 0, 0, 0, 0, 0, 0, 1000, 0),
(23, 510, 1200, -1732, 13, 176.88, 1, 1, 0, 'no-one', 0, 0, 1, 0, 28, 'Mountain Bike', 100, 0, 0, 0, 0, 0, 0, 0, 0, 1000, 0),
(22, 510, 1195, -1732, 13, 178.816, 1, 1, 0, 'no-one', 0, 0, 1, 0, 27, 'Mountain Bike', 100, 0, 0, 0, 0, 0, 0, 0, 0, 1000, 0),
(21, 510, 1195, -1736, 13, 180.209, 1, 1, 0, 'no-one', 0, 0, 1, 0, 26, 'Mountain Bike', 100, 0, 0, 0, 0, 0, 0, 0, 0, 1000, 0),
(20, 510, 1195, -1740, 13, 180.077, 1, 1, 0, 'no-one', 0, 0, 1, 0, 25, 'Mountain Bike', 100, 0, 0, 0, 0, 0, 0, 0, 0, 1000, 0),
(19, 596, 1280, 177, 20, 65.5821, 0, 1, 0, 'no-one', 0, 0, 1, 0, 24, 'Police Car', 89, 11, 0, 0, 0, 0, 768, 0, 0, 983.159, 0),
(18, 560, 1785, -1272, 13, 126.298, 148, 148, 0, 'No-one', 100, 1, 1, 0, 23, 'Sultan', 35, 2, 0, 0, 0, 18874370, 514, 1, 0, 142.419, 1),
(16, 407, 1797, -1287, 14, 40.0105, 161, 0, 0, 'no-one', 0, 0, 1, 0, 22, 'Firetruck', 97, 3, 0, 0, 0, 0, 0, 0, 0, 1000, 0),
(15, 407, 1803, -1282, 14, 38.5091, 161, 0, 0, 'no-one', 0, 0, 1, 0, 21, 'Firetruck', 100, 0, 0, 0, 0, 0, 0, 0, 0, 1000, 0),
(14, 407, 1803, -1293, 14, 40.882, 161, 0, 0, 'no-one', 0, 0, 1, 0, 20, 'Firetruck', 99, 1, 0, 0, 0, 0, 0, 0, 0, 1000, 0),
(13, 407, 1813, -1284, 14, 39.658, 161, 0, 0, 'no-one', 0, 0, 1, 0, 19, 'Firetruck', 100, 0, 0, 0, 0, 0, 0, 0, 0, 1000, 0),
(12, 407, 1809, -1289, 14, 39.2361, 161, 0, 0, 'no-one', 0, 0, 1, 0, 18, 'Firetruck', 78, 22, 0, 0, 0, 0, 0, 0, 0, 999.665, 0),
(11, 407, 1893, -1832, 14, 269.42, 161, 0, 0, 'no-one', 0, 0, 1, 0, 17, 'Firetruck', 100, 0, 0, 0, 0, 0, 0, 0, 0, 1000, 0),
(10, 544, 1832, -1271, 14, 270.689, 161, 0, 0, 'no-one', 0, 0, 1, 0, 16, 'Firetruck', 99, 1, 0, 0, 0, 2097169, 0, 5, 0, 996.567, 0),
(9, 544, 1819, -1272, 14, 272.526, 161, 0, 0, 'no-one', 0, 0, 1, 0, 15, 'Firetruck', 100, 0, 0, 0, 0, 0, 0, 0, 0, 1000, 0),
(8, 523, 1604, -1619, 13, 87.343, 0, 0, 0, 'no-one', 0, 0, 1, 0, 14, 'HPV1000', 85, 15, 0, 0, 0, 0, 0, 0, 0, 1000, 0),
(7, 523, 1604, -1620, 13, 87.4856, 0, 0, 0, 'no-one', 0, 0, 1, 0, 13, 'HPV1000', 92, 8, 0, 0, 0, 0, 0, 0, 0, 1000, 0),
(6, 523, 1604, -1621, 13, 87.2586, 0, 0, 0, 'no-one', 0, 0, 1, 0, 12, 'HPV1000', 51, 49, 0, 0, 0, 0, 0, 0, 0, 1000, 0),
(5, 596, 1604, -1626, 13, 89.0978, 0, 1, 0, 'no-one', 0, 0, 1, 0, 11, 'Police Car', 100, 0, 0, 0, 0, 0, 0, 0, 0, 1000, 0),
(4, 596, 1604, -1630, 13, 91.048, 0, 1, 0, 'No-One', 0, 0, 1, 0, 10, 'Police Car', 100, 0, 0, 0, 0, 0, 0, 0, 0, 1000, 0),
(3, 596, 1536, -1678, 13, 359.189, 0, 1, 0, 'No-One', 0, 0, 1, 0, 9, 'Police Car', 92, 8, 0, 0, 0, 0, 0, 0, 0, 1000, 0),
(55, 408, 2101, -2045, 14, 179.784, 1, 77, 0, 'no-one', 0, 0, 1, 0, 59, 'Trashmaster', 98, 2, 0, 0, 0, 0, 33685504, 0, 0, 980.565, 0),
(76, 411, 1253, -1804, 13, 309.208, 128, 128, 0, 'Shady91', 1000, 1, 0, 0, 68, 'Infernus', 98, 62, 1, 7, 0, 1048576, 33554434, 0, 0, 774.829, 8),
(78, 522, 1247, -1818, 13, 155.56, 3, 55, 0, 'Shady91', 1000, 1, 0, 0, 69, 'Nrg-500', -1, 240, 1, 4, 0, 0, 0, 0, 0, 957.779, 0),
(79, 405, 550, -1264, 17, 216.262, 0, 0, 0, 'No-One', 1000, 0, 0, 0, 70, 'Sentinel', 100, 0, 0, 0, 0, 17825808, 768, 4, 0, 927.331, 0),
(80, 405, 547, -1266, 17, 214.084, 0, 0, 0, 'No-One', 1000, 0, 0, 0, 71, 'Sentinel', 100, 0, 0, 0, 0, 0, 512, 0, 0, 994.537, 0),
(81, 405, 563, -1262, 17, 16.7358, 33, 45, 0, 'No-One', 1000, 0, 0, 0, 72, 'Sentinel', 100, 0, 0, 0, 0, 0, 33554432, 0, 0, 993.839, 0),
(82, 400, 565, -1269, 17, 193.909, 34, 54, 0, 'No-One', 950, 0, 0, 0, 73, 'Landstalker', 100, 0, 0, 0, 0, 1048577, 131072, 1, 0, 997.878, 0),
(83, 400, 564, -1291, 17, 1.89811, 66, 54, 0, 'No-One', 950, 0, 0, 0, 74, 'Landstalker', 100, 0, 0, 0, 0, 16777216, 33554944, 0, 0, 962.816, 0),
(84, 411, 561, -1291, 17, 1.25757, 12, 32, 0, 'No-One', 3000, 0, 0, 0, 75, 'Infernus', 100, 0, 0, 0, 0, 0, 0, 0, 0, 1000, 0),
(85, 411, 545, -1268, 17, 213.361, 53, 32, 0, 'No-One', 3000, 0, 0, 0, 76, 'Infernus', 100, 0, 0, 0, 0, 16777216, 512, 0, 0, 993.081, 0),
(86, 415, 542, -1270, 17, 209.909, 3, 45, 0, 'No-One', 2900, 0, 0, 0, 77, 'Cheetah', 100, 0, 0, 0, 0, 0, 0, 0, 0, 1000, 0),
(87, 415, 539, -1273, 17, 218.165, 54, 45, 0, 'No-One', 2900, 0, 0, 0, 78, 'Cheetah', 100, 0, 0, 0, 0, 0, 512, 0, 0, 997.454, 0),
(88, 422, 536, -1275, 17, 217.906, 54, 12, 0, 'No-One', 600, 0, 0, 0, 79, 'Bobcat', 100, 0, 0, 0, 0, 0, 0, 0, 0, 1000, 0),
(89, 422, 534, -1277, 17, 217.337, 64, 32, 0, 'No-One', 600, 0, 0, 0, 80, 'Bobcat', 100, 0, 0, 0, 0, 0, 0, 0, 0, 1000, 0),
(90, 429, 531, -1279, 17, 217.655, 54, 76, 0, 'No-One', 4000, 0, 0, 0, 81, 'Banshee', 100, 0, 0, 0, 0, 0, 0, 0, 0, 1000, 0),
(91, 429, 529, -1280, 17, 217.289, 3, 3, 0, 'No-One', 4000, 0, 0, 0, 82, 'Banshee', 100, 0, 0, 0, 0, 0, 0, 0, 0, 1000, 0),
(92, 429, 532, -1292, 17, 352.206, 4, 0, 0, 'No-One', 4000, 0, 0, 0, 83, 'Banshee', 100, 0, 0, 0, 0, 2097152, 0, 0, 0, 950.486, 0),
(93, 439, 528, -1291, 17, 359.557, 1, 0, 0, 'No-One', 1500, 0, 0, 0, 84, 'Stallion', 100, 0, 0, 0, 0, 0, 0, 0, 0, 1000, 0),
(94, 439, 535, -1291, 17, 355.146, 0, 1, 0, 'Shady91', 1500, 1, 0, 0, 85, 'Stallion', 100, 0, 0, 2, 0, 2097184, 0, 4, 0, 922.773, 0),
(95, 461, 556, -1292, 17, 4.42976, 5, 5, 0, 'No-One', 2000, 0, 0, 0, 86, 'Pcj-600', 100, 0, 0, 0, 0, 0, 0, 0, 0, 1000, 0),
(96, 461, 554, -1292, 17, 359.972, 5, 5, 0, 'No-One', 2000, 0, 0, 0, 87, 'Pcj-600', 100, 0, 0, 0, 0, 0, 0, 0, 0, 1000, 0),
(98, 561, 348, -1596, 33, 88.101, 1, 0, 0, 'Jamal_Hakim', 100, 1, 0, 0, 88, 'Stratum', 96, 4, 0, 0, 1, 17825793, 512, 1, 0, 942.937, 0),
(99, 560, 2079, -2019, 13, 269.279, 3, 3, 0, 'No-One', 500, 0, 0, 0, 89, 'Sultan', 100, 0, 0, 0, 1, 36831250, 131587, 1, 0, 1000, 0),
(100, 525, 1259, -1826, 13, 145.784, 0, 3, 0, 'No-One', 0, 0, 1, 0, 90, 'Tow Truck', 100, 0, 0, 0, 0, 0, 0, 0, 0, 1000, 0);

/*!40101 SET CHARACTER_SET_CLIENT=@OLD_CHARACTER_SET_CLIENT */;
/*!40101 SET CHARACTER_SET_RESULTS=@OLD_CHARACTER_SET_RESULTS */;
/*!40101 SET COLLATION_CONNECTION=@OLD_COLLATION_CONNECTION */;
